id,name,active,category
94470,Szkło hartowane na ekran Bizon Glass Watch Clear do Garmin Tactix 8 AMOLED 51 mm / SOLAR 51 mm,1,Etui do smartwatcha
85313,"Ładowarka indukcyjna Fixed Charging Cable do zegarków Huawei Watch GT 5/5 Pro/4/ 4 Pro/3/3 Pro/2 Pro, USB-C, czarna",1,Ładowarki i stacje dokujące
107669,"Pasek z nylonu Spigen WBF0 do Galaxy Watch 8 / 8 Classic, czarny",1,Paski do smartwatcha
71991,Etui ze szkłem do zegarka Bizon Case+Glass Watch do Huawei Watch GT5 Pro 46 mm czarne,1,Etui do smartwatcha
50117,"Etui Bizon Case Tab Clear Matt do iPad 9/8/7 10.2 2021/2020/2019, czarne",1,Etui na tablet
117858,"OUTLET: Uchwyt samochodowy zagłówkowy FIXED Tab Passenger 2 dla urządzeń o przekątnej od 7 do 11"", czarny",1,Uchwyt na tablet
92282,"Uchwyt biurkowy na telefon / tablet, AWEI X3, długie ramię, biały",1,Stojak na tablet
118004,"OUTLET: Rysik Baseus Smooth Writing 2 Overseas z ładowaniem indukcyjnym do iPad / iPad Pro / iPad Air / Mini (2018-2022), biały",1,Rysik do tabletu
111542,Szkło hybrydowe 3mk FlexibleGlass do Apple iPad Pro 11,1,Ochrona ekranu tabletu
102433,"Etui Guess Hardcase 4G Classic do iPhone Air, czarne",1,Etui na telefon
60055,"Uniwersalny, wielofunkcyjny klips na smartfona Apexel APL-F001",1,"Obiektyw,
        teleskop do telefonu"
61758,"Kontroler do mobilnego grania Backbone One PlayStation Edition, USB-C, biały",1,"Pad do
        telefonu"
97844,"Statyw / selfie stick / monopod 3w1, Joby Telepod Mobile do smartfonów, czarny",1,Statyw do telefonu
56902,"Uchwyt samochodowy magnetyczny iOttie Velox Mini MagSafe do iPhone na kratkę, czarny",1,Uchwyt na telefon
60418,"Ładowarka sieciowa USB-C 25W, Samsung EP-T2510NW, biała",1,Ładowarka do telefonu
101351,"Folia hydrożelowa na ekran Bizon Glass Hydrogel Front do Galaxy S23 FE, 1 sztuka",1,"Szkło
        hartowane, folia na telefon"
100943,"Folia hydrożelowa na ekran Bizon Glass Hydrogel Front do Galaxy S21 Plus, 1 sztuka",1,"Szkło
        hartowane, folia na telefon"
100191,Etui + 2x szkło hartowane + szkiełko na obiektyw Bizon Case Clear Pack do Sony Xperia 1 VII,1,"Szkło
        hartowane, folia na telefon"
101780,Elastyczne szkło hybrydowe Bizon Glass Mule do Xiaomi Redmi 15C 4G,1,"Szkło
        hartowane, folia na telefon"
118076,Elastyczne szkło hybrydowe Bizon Glass Mule do Oppo A6 Pro 5G,1,"Szkło
        hartowane, folia na telefon"
94224,Elastyczne szkło hybrydowe Bizon Glass Mule do Oppo A5 5G,1,"Szkło
        hartowane, folia na telefon"
117935,Elastyczne szkło hybrydowe Bizon Glass Mule do OnePlus 15,1,"Szkło
        hartowane, folia na telefon"
102189,Elastyczne szkło hybrydowe Bizon Glass Mule do iPhone 17 Pro,1,"Szkło
        hartowane, folia na telefon"
111862,Elastyczne szkło hybrydowe Bizon Glass Mule do Honor 400 Smart,1,"Szkło
        hartowane, folia na telefon"
111691,Elastyczne etui + 2x szkło hartowane Bizon Case Clear Pack do Xiaomi Redmi 15 4G / 5G,1,"Szkło
        hartowane, folia na telefon"
93603,Elastyczne etui + 2x szkło hartowane Bizon Case Clear Pack do Xiaomi POCO X7 Pro,1,"Szkło
        hartowane, folia na telefon"
91948,Elastyczne etui + 2x szkło hartowane Bizon Case Clear Pack do Xiaomi Poco F7 Ultra,1,"Szkło
        hartowane, folia na telefon"
100195,Elastyczne etui + 2x szkło hartowane Bizon Case Clear Pack do Xiaomi POCO F7,1,"Szkło
        hartowane, folia na telefon"
92055,Elastyczne etui + 2x szkło hartowane Bizon Case Clear Pack do Oppo Reno13 F,1,"Szkło
        hartowane, folia na telefon"
100193,Elastyczne etui + 2x szkło hartowane Bizon Case Clear Pack do OnePlus Nord 5,1,"Szkło
        hartowane, folia na telefon"
109362,Elastyczne etui + 2x szkło hartowane Bizon Case Clear Pack do iPhone 17,1,"Szkło
        hartowane, folia na telefon"
104089,Elastyczne etui + 2x szkło hartowane Bizon Case Clear Pack do Galaxy A17 5G,1,"Szkło
        hartowane, folia na telefon"
112834,Elastyczne etui + 2x folia na ekran Bizon Case Clear Pack do Vivo X300 Pro,1,"Szkło
        hartowane, folia na telefon"
100188,Elastyczne etui + 2x folia na ekran Bizon Case Clear Pack do Vivo X200 FE,1,"Szkło
        hartowane, folia na telefon"
92056,Elastyczne etui + 2x folia na ekran Bizon Case Clear Pack do Oppo Reno13 Pro,1,"Szkło
        hartowane, folia na telefon"
104088,Elastyczne etui + 2x folia na ekran Bizon Case Clear Pack do Oppo Reno 14 F / FS,1,"Szkło
        hartowane, folia na telefon"
93534,Elastyczne etui + 2x folia na ekran Bizon Case Clear Pack do Oppo Find X8 Pro,1,"Szkło
        hartowane, folia na telefon"
93729,Elastyczne etui + 2x folia na ekran Bizon Case Clear Pack do Nothing CMF Phone 2 Pro,1,"Szkło
        hartowane, folia na telefon"
111730,Elastyczne etui + 2x folia na ekran Bizon Case Clear Pack do Honor X7d / Honor 400 Smart,1,"Szkło
        hartowane, folia na telefon"
102458,3x Szkło hartowane + szybka na aparat Bizon Glass Clear Pack do iPhone Air,1,"Szkło
        hartowane, folia na telefon"
93040,3x Szkło hartowane + szybka na aparat Bizon Glass Clear 2 Pack do Xiaomi Redmi A5 4G / POCO C71 4G,1,"Szkło
        hartowane, folia na telefon"
111102,2x Szkło + szybka na aparat Bizon Edge Pack do Xiaomi POCO F6 Pro,1,"Szkło
        hartowane, folia na telefon"
111101,2x Szkło + szybka na aparat Bizon Edge Pack do Xiaomi 15T,1,"Szkło
        hartowane, folia na telefon"
111692,2x Szkło + szybka na aparat Bizon Edge Pack do OnePlus Nord 5,1,"Szkło
        hartowane, folia na telefon"
109369,2x Szkło + szybka na aparat Bizon Edge Pack do iPhone Air,1,"Szkło
        hartowane, folia na telefon"
100181,2x Szkło + szybka na aparat Bizon Edge Pack do Google Pixel 10 Pro,1,"Szkło
        hartowane, folia na telefon"
111100,2x Szkło + szybka na aparat Bizon Edge Pack do Galaxy S25 FE,1,"Szkło
        hartowane, folia na telefon"
105175,2x Szkło + szybka na aparat Bizon Edge Pack do Galaxy A17 5G,1,"Szkło
        hartowane, folia na telefon"
93540,2x Szkło + szybka na aparat Bizon Edge 2 Pack do Xiaomi POCO X7 Pro,1,"Szkło
        hartowane, folia na telefon"
93538,2x Szkło + szybka na aparat Bizon Edge 2 Pack do Oppo Find X8 Pro,1,"Szkło
        hartowane, folia na telefon"
45687,"Ładowarka sieciowa GaN 2x USB-C 3.0 PD, PPS, 45W, Belkin Boost Pro Wall Dual, biała",1,Ładowarka do telefonu
62003,"Ładowarka sieciowa 2x USB-C PD 3.1 PPS, 60W, Belkin Boost Pro Wall Dual, biała",1,Ładowarka do telefonu
26326,"Ładowarka sieciowa USB-C PD, 2x USB-A QC 3.0, 30W, Baseus Compact, czarna",1,Ładowarka do telefonu
41811,"Ładowarka sieciowa USB-C PD 15W, Samsung EP-T1510NBEGEU, czarna",1,Ładowarka do telefonu
71861,"Ładowarka sieciowa USB-A 33W, Oppo VOOC / SuperVOOC, biała",1,Ładowarka do telefonu
69689,"Ładowarka sieciowa USB-C PD, QC 4.0, 45W, Forcell Wall Charger, biała",1,Ładowarka do telefonu
94034,"Ładowarka sieciowa GaN3 USB-C PD, USB-A QC 4.0, 33W, Forcell Wall Charger, kabel USB-C, różowa",1,Ładowarka do telefonu
94025,"Ładowarka sieciowa GaN3 USB-C PD, USB-A QC 4.0, 33W, Forcell Wall Charger, kabel USB-C, jasnozielona",1,Ładowarka do telefonu
69757,"Ładowarka sieciowa USB-C PD, QC 4.0, 25W, Forcell Wall Charger, biała",1,Ładowarka do telefonu
70838,"Ładowarka sieciowa GaN 2x USB-C PD, USB-A QC 4.0, 70W, Forcell F-Energy, szara",1,Ładowarka do telefonu
91088,"Ładowarka sieciowa GaN USB-C PD, USB-A QC 4.0, 35W, Forcell F-Energy Mini VT-35C, biała",1,Ładowarka do telefonu
91093,"Ładowarka sieciowa GaN USB-C PD, USB-A QC 4.0, 20W, Forcell F-Energy Mini VT-35A, biała",1,Ładowarka do telefonu
91089,"Ładowarka sieciowa GaN USB-C PD, USB-A QC 4.0, 30W, Forcell F-Energy Mini VT-35, biała",1,Ładowarka do telefonu
91090,"Ładowarka sieciowa GaN USB-C PD, USB-A QC 4.0, 25W, Forcell F-Energy Mini VT-25B, biała",1,Ładowarka do telefonu
62788,"Ładowarka sieciowa GaN USB-C PD, USB-A QC, 33W, Forcell F-Energy, grafitowa",1,Ładowarka do telefonu
70560,"Ładowarka sieciowa GaN USB-C, USB-A, 80W, OnePlus SuperVOOC Dual Charger, kabel USB-C, biała",1,Ładowarka do telefonu
82021,"Ładowarka sieciowa GaN USB-C, USB-A, 120W, OnePlus SuperVOOC Dual Charger, kabel USB-C, biała",1,Ładowarka do telefonu
49588,"Ładowarka sieciowa USB-A 80W, OnePlus SuperVOOC Charger Adapter, biała",1,Ładowarka do telefonu
41726,"Ładowarka sieciowa USB-C 25W, Baseus Super Si Quick Charger, biała",1,Ładowarka do telefonu
87374,"Ładowarka sieciowa USB-C PD 3.0, 20W, Spigen Essential EE201EU, biała",1,Ładowarka do telefonu
69524,"Ładowarka sieciowa USB-C PD 3.0, PPS, QC 3.0, 30W, Spigen Essential EE301EU, czarna",1,Ładowarka do telefonu
70631,"Stacja ładująca, biurkowa GaN 3x USB-C PD, 2x USB-A QC 4.0, 200W, Forcell F-Energy VT-51, szara",1,Ładowarka do telefonu
85901,"Ładowarka sieciowa, turystyczna GaN 3x USB-C, USB-A, 140W, Xtorm Travel Charger, adaptery UK / USA / EU, kabel USB-C, biała",1,Ładowarka do telefonu
85922,"Ładowarka sieciowa GaN2 3x USB-C PD, USB-A, 140W, Xtorm Laptop Charger Ultra, biała",1,Ładowarka do telefonu
93905,"Ładowarka sieciowa GaN USB-C, USB-A, 67W, Spigen Essential EE673EU, biała",1,Ładowarka do telefonu
99448,"Ładowarka sieciowa GaN 2x USB-C, 47W, Spigen Essential EE472EU, czarna",1,Ładowarka do telefonu
44529,"Ładowarka indukcyjna Belkin Boost MFi 3-in-1 Qi 15W WIZ017 dla Apple Watch / AirPods / iPhone z MagSafe, biała",1,Ładowarka do telefonu
99340,"Ładowarka indukcyjna 3w1 Spigen Essential 3 in 1 Wireless Charger, Qi2 do MagSafe, 22.5W, czarna",1,Ładowarka do telefonu
64442,"Ładowarka sieciowa 2x USB-C PD 3.0, 40W, Belkin Boost Wall Dual, biała",1,Ładowarka do telefonu
94016,"Ładowarka sieciowa GaN USB-C 47W, Spigen Essential EE472EU, biała",1,Ładowarka do telefonu
94031,"Ładowarka sieciowa GaN3 USB-C PD, USB-A QC 4.0, 33W, Forcell Wall Charger, kabel USB-C, niebieska",1,Ładowarka do telefonu
64069,"Ładowarka sieciowa GaN 2x USB-C PD 3.0 PPS, 65W, Belkin Boost Pro Wall Dual, kabel USB-C, biała",1,Ładowarka do telefonu
99452,"Ładowarka sieciowa GaN USB-C, USB-A, 67W, Spigen Essential EE673EU, czarna",1,Ładowarka do telefonu
65777,"Ładowarka sieciowa GaN 4x USB-C, 200W, Belkin Boost Pro 4-Port Charger, biała",1,Ładowarka do telefonu
49596,"Uchwyt samochodowy magnetyczny iOttie Velox Flush Mount do iPhone z MagSafe, czarny",1,Uchwyt na telefon
31463,"Uchwyt samochodowy magnetyczny iOttie Velox do iPhone z MagSafe, granatowy",1,Uchwyt na telefon
56966,"Uchwyt samochodowy iOttie Velox Pro MagSafe Magnetic na kokpit lub szybę, ciemno-niebieski",1,Uchwyt na telefon
44808,"Uchwyt samochodowy z ładowaniem indukcyjnym 3mk Drive and Charge 15W, czarny",1,Uchwyt na telefon
53111,"Uchwyt samochodowy Tech-Protect MM15W-V1 Magnetic Magsafe Vent Car Mount Wireless Charger 15W, czarny ",1,Uchwyt na telefon
54721,"Uchwyt samochodowy na telefon Baseus UltraControl Lite Series na kokpit, czarny",1,Uchwyt na telefon
26420,"Uchwyt samochodowy na telefon Baseus Easy Control Clamp, czarno-przydymiony",1,Uchwyt na telefon
70586,"Uchwyt samochodowy na szybę i kokpit z MagSafe 3mk Car MagCharger 15W, czarny ",1,Uchwyt na telefon
117712,"Uchwyt samochodowy na szybę / kokpit, Allity ACH-200 MagSafe, czarny",1,Uchwyt na telefon
112962,"Uchwyt samochodowy na szybę / deskę rozdzielczą iOttie Easy One Touch 6 Dash & Windshield, czarny",1,Uchwyt na telefon
26262,"Uchwyt samochodowy na kratkę nawiewu Baseus Easy Control Clamp, czarno-przydymiony",1,Uchwyt na telefon
53299,"Uchwyt samochodowy na kratkę nawiewu 3mk Memo Hug, czarny ",1,Uchwyt na telefon
32828,"Uchwyt samochodowy magnetyczny 3mk Magnet Power Car Holder, czarny",1,Uchwyt na telefon
18839,Uchwyt samochodowy iOttie Easy One Touch 5 Dash (50-90mm),1,Uchwyt na telefon
18855,Uchwyt samochodowy iOttie Easy One Touch 5 CD Slot (50-90mm),1,Uchwyt na telefon
18848,Uchwyt samochodowy iOttie Easy One Touch 5 Air Vent (50-90mm),1,Uchwyt na telefon
93119,"Uchwyt samochodowy do kratki nawiewu, Allity ACH-300 z ładowaniem MagSafe / Qi 15W, czarny ",1,Uchwyt na telefon
112860,"Uchwyt samochodowy do kratki nawiewu / deski rozdzielczej iOttie Easy One Touch 6 Air Vent & Flush, czarny",1,Uchwyt na telefon
32602,"Uchwyt samochodowy 3mk Twist Automatic, czarny",1,Uchwyt na telefon
62803,"Uchwyt magnetyczny z ładowaniem Qi2 ESR Halolock Magnetic MagSafe Vent Car Mount 15W, czarny",1,Uchwyt na telefon
74447,"Uchwyt magnetyczny z ładowaniem Qi2 ESR Halolock Magnetic MagSafe Dashboard Car Mount 15W, czarny",1,Uchwyt na telefon
74449,"Uchwyt magnetyczny z ładowaniem Qi2 ESR Halolock Cryoboost Magnetic MagSafe Vent Car Mount 15W, czarny",1,Uchwyt na telefon
61810,"Uchwyt / Holder na telefon lub tablet na zagłówek 3MK Single Headrest Holder, grafitowy",1,Uchwyt na telefon
60334,"Uchwyt na palec Bizon Accessories Ring Turtle uniwersalny, szary",1,Uchwyt na telefon
60412,"Uchwyt na palec Bizon Accessories Ring Turtle uniwersalny, różowy",1,Uchwyt na telefon
60335,"Uchwyt na palec Bizon Accessories Ring Turtle uniwersalny, kawowy",1,Uchwyt na telefon
60337,"Uchwyt na palec Bizon Accessories Ring Turtle uniwersalny, jasnozielony",1,Uchwyt na telefon
60339,"Uchwyt na palec Bizon Accessories Ring Turtle uniwersalny, jasnofioletowy",1,Uchwyt na telefon
60331,"Uchwyt na palec Bizon Accessories Ring Turtle uniwersalny, granatowy",1,Uchwyt na telefon
60340,"Uchwyt na palec Bizon Accessories Ring Turtle uniwersalny, czerwony",1,Uchwyt na telefon
60328,"Uchwyt na palec Bizon Accessories Ring Turtle uniwersalny, czarny",1,Uchwyt na telefon
60332,"Uchwyt na palec Bizon Accessories Ring Turtle uniwersalny, ciemnozielony",1,Uchwyt na telefon
60324,"Uchwyt na palec Bizon Accessories Ring Turtle uniwersalny, beżowy",1,Uchwyt na telefon
51890,Lampa pierścieniowa Ring Apexel LED Light Foldable Floor Stand APL-FL10JJ14 + statyw ,1,Statyw do telefonu
117802,"OUTLET:  Uchwyt, kijek, statyw Tech-Protect L09S Wireless Selfie Stick Tripod Bluetooth, czarny",1,Statyw do telefonu
113028,"OUTLET: Uchwyt, kijek, statyw 3mk Hardy MagSelfie Stick + pilot Bluetooth, czarny",1,Statyw do telefonu
106048,"Uchwyt, kijek, statyw Fixed Creator Flexible Tripod do telefonów,  gwint 1/4"", czarny",1,Statyw do telefonu
106170,"Uchwyt, kijek, statyw z pilotem Ugreen LP586 Selfie Stick Tripod Bluetooth z adapterem 1/4"", 1,6m, czarny",1,Statyw do telefonu
61622,"Uchwyt, kijek, statyw Tech-Protect L06S MagSafe Wireless Selfie Stick Tripod Bluetooth, czarny",1,Statyw do telefonu
61925,"Uchwyt, kijek, statyw Tech-Protect L05S  Wireless Selfie Stick Tripod Bluetooth & Led Light, czarny ",1,Statyw do telefonu
57488,"Uchwyt, kijek, statyw Tech-Protect L04S MagSafe Wireless Selfie Stick Tripod Bluetooth, czarny",1,Statyw do telefonu
52445,"Uchwyt, kijek, statyw Tech-Protect L03S Wireless Selfie Stick Tripod Bluetooth, czarny",1,Statyw do telefonu
44897,"Uchwyt, kijek, statyw Tech-Protect L02S Wireless Selfie Stick Tripod Bluetooth, czarny",1,Statyw do telefonu
99227,"Uchwyt, kijek, statyw Spigen S581W Bluetooth Selfie Stick Tripod z pilotem Bluetooth, czarny",1,Statyw do telefonu
99249,"Uchwyt, kijek, statyw Spigen S581W Bluetooth Selfie Stick Tripod z pilotem Bluetooth, beżowy",1,Statyw do telefonu
59974,"Uchwyt, kijek, statyw Spigen S570W MagSafe Bluetooth Selfie Stick Tripod, czarny",1,Statyw do telefonu
61528,"Uchwyt, kijek, statyw Spigen S560W Bluetooth Selfie Stick Tripod, czarny",1,Statyw do telefonu
62895,"Uchwyt, kijek, statyw Forcell F-GRIP S70M Bluetooth Selfie Stick, Tripod, czarny",1,Statyw do telefonu
62889,"Uchwyt, kijek, statyw Forcell F-GRIP S150XL Bluetooth Selfie Stick, Tripod, czarny",1,Statyw do telefonu
106006,"Uchwyt, kijek, statyw FIXED Creator Flexible Tripod MagSafe do telefonów,  gwint 1/4"", czarny",1,Statyw do telefonu
111113,"Uchwyt magnetyczny do MagSafe na silikonową opaskę, Mobile Origin Mag O2, czarny",1,Statyw do telefonu
105578," Uchwyt, kijek, statyw Tech-Protect L09S Wireless Selfie Stick Tripod Bluetooth, różowy",1,Statyw do telefonu
105575," Uchwyt, kijek, statyw Tech-Protect L09S Wireless Selfie Stick Tripod Bluetooth, czarny",1,Statyw do telefonu
105580," Uchwyt, kijek, statyw Tech-Protect L09S Wireless Selfie Stick Tripod Bluetooth, biały",1,Statyw do telefonu
105560," Uchwyt, kijek, statyw Tech-Protect L09S Wireless Selfie Stick Tripod Bluetooth, beżowy",1,Statyw do telefonu
63092," Uchwyt, kijek, statyw Tech-Protect L08S Wireless Selfie Stick Tripod Bluetooth, czarny",1,Statyw do telefonu
61988," Uchwyt, kijek, statyw Tech-Protect L03S Wireless Selfie Stick Tripod Bluetooth, biały",1,Statyw do telefonu
74201," Uchwyt, kijek, statyw Mobeen Designed for Samsung Selfie Stick Tripod Bluetooth, czarny",1,Statyw do telefonu
106015,"Uchwyt na telefon do statywu Fixed Creator 1/4"" gwint Phone Holder, czarny ",1,Statyw do telefonu
95680,"Uchwyt, kijek, statyw Ugreen Professional Tripod LP661 na telefon, kamerę, aparat, czarno-szary",1,Statyw do telefonu
51025,"Selfie stick Apexel APL-D10 statyw na telefon, kamerę, aparat, z pilotem  Bluetooth 3.0, czarny",1,Statyw do telefonu
52043,"Selfie stick / statyw / gimbal Apexel APL-D6 na telefon z pilotem Bluetooth, czarny",1,Statyw do telefonu
64657,"Uchwyt, kijek, statyw 3mk Hardy MagSelfie Stick + pilot Bluetooth, czarny",1,Statyw do telefonu
117702,"Kontroler do mobilnego grania Backbone One PlayStation Edition, Lightning, biały",1,"Pad do
        telefonu"
47600,Uniwersalny obiektyw / soczewka Apexel z klipsem 2w1 na aparat smartfona / tabletu,1,"Obiektyw,
        teleskop do telefonu"
47605,Uniwersalne obiektywy / soczewki HD Super Makro Apexel z klipsem 2w1 na aparat smartfona / tabletu,1,"Obiektyw,
        teleskop do telefonu"
52000,Uniwersalne obiektywy / soczewki gradientowe 52 mm z filtrem Apexel 7w1 z klipsem na aparat smartfona / tabletu,1,"Obiektyw,
        teleskop do telefonu"
48990,Uniwersalne obiektywy / soczewki Apexel z klipsem 6w1 na aparat smartfona / tabletu,1,"Obiektyw,
        teleskop do telefonu"
47571,Uniwersalne obiektywy / soczewki Apexel z klipsem 10w1 na aparat smartfona / tabletu,1,"Obiektyw,
        teleskop do telefonu"
51954,Uniwersalne obiektywy / soczewki / teleskop Apexel 22X z klipsem 12w1 na aparat smartfona / tabletu,1,"Obiektyw,
        teleskop do telefonu"
52038,"Uniwersalne obiektywy / soczewki / teleskop Apexel 18X na aparat smartfona ze statywem, makro 15X ",1,"Obiektyw,
        teleskop do telefonu"
118081,"Obiektyw, soczewka do telefonu z filtrem VND2–32, Apexel HD Glass 67mm ND32",1,"Obiektyw,
        teleskop do telefonu"
51075,Obiektyw teleskopowy / mobilny teleobiektyw Apexel do smartfona 60X + rozkładany statyw tripod,1,"Obiektyw,
        teleskop do telefonu"
51909,Obiektyw teleskopowy / mobilny teleobiektyw Apexel do smartfona 18X + statyw,1,"Obiektyw,
        teleskop do telefonu"
51032,"Obiektyw / soczewka / teleskop Apexel z uchwytem na smartfona, makro 36X",1,"Obiektyw,
        teleskop do telefonu"
51160,"Obiektyw / soczewka / teleskop Apexel na aparat smartfona ze statywem, makro 22X",1,"Obiektyw,
        teleskop do telefonu"
102219,"Etui Guess Hardcase 4G Big Metal Logo do iPhone 17 Pro, czarne",1,Etui na telefon
102866,"Etui Guess Hardcase 4G Big Metal Logo do iPhone  Air, czarne",1,Etui na telefon
105129,"Etui Guess Fixed Glitter Big 4G Metal Frame do iPhone 17 Pro, złoto-brokatowe",1,Etui na telefon
103463,"Etui Guess Fixed Glitter Big 4G do iPhone 17, różowo-brokatowe",1,Etui na telefon
103459,"Etui Guess Fixed Glitter Big 4G do iPhone 17, czarno-brokatowe",1,Etui na telefon
103476,"Etui Guess 4G Strass Logo do MagSafe do iPhone 17, czarne",1,Etui na telefon
103507,"Etui Guess 4G Charms Collection do iPhone Air, różowe",1,Etui na telefon
103499,"Etui Guess 4G Charms Collection do iPhone Air, czarne",1,Etui na telefon
103503,"Etui Guess 4G Charms Collection do iPhone Air, brązowe",1,Etui na telefon
103501,"Etui Guess 4G Charms Collection do iPhone 17 Pro Max, czarne",1,Etui na telefon
48556,"Etui Fixed Slim AntiUV do Galaxy S23 Plus, przezroczyste",1,Etui na telefon
111591,"Etui Dux Ducis AIMO do Vivo X300 Pro, przezroczyste z czarną ramką",1,Etui na telefon
102620,"Etui CARE by PanzerGlass Flagship Urban Explorer do MagSafe do iPhone Air, przezroczysto-białe",1,Etui na telefon
102624,"Etui CARE by PanzerGlass Flagship Smokey do MagSafe do iPhone Air, przydymione",1,Etui na telefon
102632,"Etui CARE by PanzerGlass Fashion Case Flow do iPhone Air, czarne",1,Etui na telefon
107505,"Etui CARE by PanzerGlass Fashion Case Flow do iPhone Air, beżowe",1,Etui na telefon
107502,"Etui CARE by PanzerGlass Fashion Case Flow do iPhone 17, beżowe",1,Etui na telefon
102634,"Etui CARE by PanzerGlass Fashion Case Flow do iPhone 17 Pro, czarne",1,Etui na telefon
102635,"Etui CARE by PanzerGlass Fashion Case Flow do iPhone 17 Pro Max, czarne",1,Etui na telefon
117551,"Etui CARE by PanzerGlass Fashion Case Flow do iPhone 17 Pro Max, beżowe",1,Etui na telefon
102167,"Etui Burga Velvet Night Tough Magnetic do iPhone Air, brązowo-granatowe",1,Etui na telefon
102160,"Etui Burga Velvet Night Tough Magnetic do iPhone 17, brązowo-granatowe",1,Etui na telefon
102181,"Etui Burga Velvet Night Tough Magnetic do iPhone 17 Pro Max, brązowo-granatowe",1,Etui na telefon
102159,"Etui Burga Player Tough Magnetic do iPhone 17, brązowe z panterką",1,Etui na telefon
102154,"Etui Burga Almond Latte Tough Magnetic do iPhone 17, beżowe z czarnymi kropkami",1,Etui na telefon
117797,"Etui aramidowe PITAKA Ultra-Slim Case do MagSafe, do iPhone Air, czarne z kevlarem",1,Etui na telefon
117793,"Etui aramidowe PITAKA Ultra-Slim Case do MagSafe, do iPhone 17 Pro Max, brązowo-czarne",1,Etui na telefon
61735,"Etui AlwaySmart TPU Colorful Case do Xiaomi 14, pomarańczowe",1,Etui na telefon
61729,"Etui AlwaySmart TPU Colorful Case do Xiaomi 14, niebieskie",1,Etui na telefon
61731,"Etui AlwaySmart TPU Colorful Case do Xiaomi 14, fioletowe",1,Etui na telefon
49934,"Etui 3mk Silicone Case do iPhone 14, czarne",1,Etui na telefon
109159,"Etui 3mk Clear Case do Honor X7d, przezroczyste",1,Etui na telefon
106795,"Etui 3mk Armor MagCase do MagSafe do Galaxy Z Fold7, przezroczyste",1,Etui na telefon
105149,"Etui + portfel na karty Guess 4G MagSafe do iPhone 17 Pro, brązowe",1,Etui na telefon
91070,"Szkło hartowane SAFE by PanzerGlass Ultra-Wide Fit do iPad Pro 11"" 2025 / 2024",1,Ochrona ekranu tabletu
90218,Szkło ochronne 3mk FlexibleGlass do Samsung Galaxy Tab S10 FE+,1,Ochrona ekranu tabletu
90217,Szkło ochronne 3mk FlexibleGlass do Samsung Galaxy Tab S10 FE / S10 Lite,1,Ochrona ekranu tabletu
117912,"Prywatyzujące szkło hybrydowe Bizon Glass Tab Mule Shadow do Xiaomi Poco Pad M1, matowe",1,Ochrona ekranu tabletu
117875,"Prywatyzujące szkło hybrydowe Bizon Glass Tab Mule Shadow do Samsung Galaxy Tab A11, matowe",1,Ochrona ekranu tabletu
117874,"Prywatyzujące szkło hybrydowe Bizon Glass Tab Mule Shadow do Samsung Galaxy Tab A11 Plus, matowe",1,Ochrona ekranu tabletu
112804,"Prywatyzujące szkło hybrydowe Bizon Glass Tab Mule Shadow do iPad Pro 13"" M5 2025, matowe",1,Ochrona ekranu tabletu
112803,"Prywatyzujące szkło hybrydowe Bizon Glass Tab Mule Shadow do iPad Pro 11"" M5 2025, matowe",1,Ochrona ekranu tabletu
117898,"Prywatyzujące szkło hybrydowe Bizon Glass Tab Mule Shadow do iPad Mini 7 2024, matowe",1,Ochrona ekranu tabletu
108800,"Prywatyzujące szkło hybrydowe Bizon Glass Tab Mule Shadow do Galaxy Tab S11, matowe",1,Ochrona ekranu tabletu
108830,"Prywatyzujące szkło hybrydowe Bizon Glass Tab Mule Shadow do Galaxy Tab S11 Ultra, matowe",1,Ochrona ekranu tabletu
108735,"Prywatyzujące szkło hybrydowe Bizon Glass Tab Mule Shadow do Galaxy Tab S10 Lite, matowe",1,Ochrona ekranu tabletu
70640,"Prywatyzujące szkło hartowane Bizon Glass Tab Clear Shadow Duo do iPad Pro 13"" 2025 / 2024, 2 sztuki",1,Ochrona ekranu tabletu
70626,"Prywatyzujące szkło hartowane Bizon Glass Tab Clear Shadow Duo do iPad Pro 11"" 2025 / 2024, 2 sztuki",1,Ochrona ekranu tabletu
70641,"Prywatyzujące szkło hartowane Bizon Glass Tab Clear Shadow Duo do iPad Air 13"" 2025 / 2024, przyciemniane, 2 sztuki",1,Ochrona ekranu tabletu
70628,"Prywatyzujące szkło hartowane Bizon Glass Tab Clear Shadow Duo do iPad Air 11"" 7 / 6 gen. 2025 / 2024, przyciemniane, 2 sztuki",1,Ochrona ekranu tabletu
108928,"Folia imitująca papier Bizon Film Tab Papirus Duo do Samsung Galaxy Tab S11 Ultra, 2 sztuki",1,Ochrona ekranu tabletu
95258,"Folia imitująca papier Bizon Film Tab Papirus Duo do OnePlus Pad 3 / 2 Pro / OPPO Pad 4 Pro, 2 sztuki",1,Ochrona ekranu tabletu
92777,"Folia imitująca papier Bizon Film Tab Papirus Duo do Galaxy Tab S10 FE Plus, 2 sztuki",1,Ochrona ekranu tabletu
94705,"Folia matowa Bizon Glass Tab Film Sun Duo do Xiaomi Redmi Pad 2, 2 sztuki",1,Ochrona ekranu tabletu
99526,"Folia matowa Bizon Glass Tab Film Sun Duo do OnePlus Pad Lite, 2 sztuki",1,Ochrona ekranu tabletu
94708,"Folia matowa Bizon Glass Tab Film Sun Duo do OnePlus Pad 3, 2 sztuki",1,Ochrona ekranu tabletu
93022,"Folia matowa Bizon Glass Tab Film Sun Duo do iPad Air 13 M3 2025, 2 sztuki",1,Ochrona ekranu tabletu
92801,"Folia matowa Bizon Glass Tab Film Sun Duo do iPad Air 11 M3 2025, 2 sztuki",1,Ochrona ekranu tabletu
92790,"Folia matowa Bizon Glass Tab Film Sun Duo do Galaxy Tab S10 FE, 2 sztuki",1,Ochrona ekranu tabletu
93023,"Folia matowa Bizon Glass Tab Film Sun Duo do Galaxy Tab S10 FE Plus, 2 sztuki",1,Ochrona ekranu tabletu
117789,"Folia matowa Bizon Glass Tab Film Sun do Xiaomi Poco Pad M1, 1 sztuka",1,Ochrona ekranu tabletu
117788,"Folia matowa Bizon Glass Tab Film Sun do Samsung Galaxy Tab A11, 1 sztuka",1,Ochrona ekranu tabletu
117787,"Folia matowa Bizon Glass Tab Film Sun do Samsung Galaxy Tab A11 Plus, 1 sztuka",1,Ochrona ekranu tabletu
108845,"Folia matowa Bizon Glass Tab Film Sun do Galaxy Tab S11, 1 sztuka",1,Ochrona ekranu tabletu
108846,"Folia matowa Bizon Glass Tab Film Sun do Galaxy Tab S11 Ultra, 1 sztuka",1,Ochrona ekranu tabletu
108844,"Folia matowa Bizon Glass Tab Film Sun do Galaxy Tab S10 Lite, 1 sztuka",1,Ochrona ekranu tabletu
112307,"Folia matowa Bizon Glass Tab Film Sun do Apple iPad Pro 13"" M5 2025, 1 sztuka",1,Ochrona ekranu tabletu
112306,"Folia matowa Bizon Glass Tab Film Sun do Apple iPad Pro 11"" M5 2025, 1 sztuka",1,Ochrona ekranu tabletu
117978,"OUTLET: Rysik ESR Geo Digital Pencil dla iPad Pro / iPad Air / Mini (2018-2025), biały",1,Rysik do tabletu
92234,"Uniwersalny rysik, stylus pasywny pojemnościowy do telefonu/tabletu, Joyroom JR-BP560S, czarny",1,Rysik do tabletu
91801,"Rysik ESR Geo Digital Pencil dla iPad Pro / iPad Air / Mini (2018-2025), biały",1,Rysik do tabletu
91731,"Rysik ESR Geo Digital Pencil dla iPad Pro / iPad Air / Mini (2018-2025), czarny",1,Rysik do tabletu
88777,"Uniwersalny, magnetyczny Rysik Baseus Smooth Writing 3 3w1 Passive Stylus Magnetic Version, biały",1,Rysik do tabletu
88765,"Uniwersalny Rysik Baseus Smooth Writing 3 3w1 Passive Stylus Non-magnetic Version, biały",1,Rysik do tabletu
86898,"Rysik Samsung S Pen do Galaxy S25 Ultra, niebiesko-srebrny",1,Rysik do tabletu
86827,"Rysik Samsung S Pen do Galaxy S25 Ultra, beżowo-czarny",1,Rysik do tabletu
75061,"Uniwersalny rysik Tech-Protect USP200 3-TIP Stylus Pen do telefonu, tabletu, biały",1,Rysik do tabletu
75041,"Uniwersalny rysik Tech-Protect USP200 3-TIP Stylus Pen do telefonu, tabletu, czarny",1,Rysik do tabletu
74980,"Uniwersalny rysik Tech-Protect USP100  4-TIP Touch Stylus Pen do telefonu, tabletu, fioletowo-różowy",1,Rysik do tabletu
74949,"Uniwersalny rysik Tech-Protect USP100  4-TIP Touch Stylus Pen do telefonu, tabletu, czarny",1,Rysik do tabletu
74638,"Uniwersalny rysik Tech-Protect Active Stylus Pen, szary",1,Rysik do tabletu
58254,"Rysik Baseus Smooth Writing 2 ze wskaźnikiem LED do iPad / iPad Pro / iPad Air / Mini, biały",1,Rysik do tabletu
53790,"Rysik Baseus Smooth Writing 2 z ładowaniem bezprzewodowym dla iPad / iPad Pro / iPad Air / Mini (2018-2022), różowy",1,Rysik do tabletu
53750,"Rysik Baseus Smooth Writing 2 z ładowaniem bezprzewodowym dla iPad / iPad Pro / iPad Air / Mini (2018-2022), biały",1,Rysik do tabletu
53749,"Rysik Baseus Smooth Writing 2 Wireless Charging Stylus dla iPad / iPad Pro / iPad Air / Mini (2018-2022), biały ",1,Rysik do tabletu
53802,"Rysik Baseus Smooth Writing 2 Stylus do iPad / iPad Pro / iPad Air / Mini, biały",1,Rysik do tabletu
53800,"Rysik Baseus Smooth Writing 2 Stylus dla iPad / iPad Pro / iPad Air / Mini, biały",1,Rysik do tabletu
59132,"Rysik Baseus Smooth Writing 2 dla iPad / Pro / Air / Mini (2018-2022), biały",1,Rysik do tabletu
59110,"Rysik Baseus Smooth Writing 2 dla iPad / iPad Pro / iPad Air / Mini + kabel USB-A - Lightning, biały",1,Rysik do tabletu
58230,"Etui na rysiki do tabletu Baseus Smooth Writing 2, białe",1,Rysik do tabletu
70848,"Uniwersalny rysik Tech-Protect Active Stylus Pen, czarny",1,Rysik do tabletu
56700,"Rysik Zagg Pro Stylus 2 do iPad, biały",1,Rysik do tabletu
41491,"Rysik Tech Protect Digital Stylus Pen 2 dla iPad Pro / Air / Mini 2018-2022, biały",1,Rysik do tabletu
48741,"Rysik / długopis Fixed Pen 3W1 dla urządzeń z ekranem dotykowym, czarny",1,Rysik do tabletu
48742,"Rysik / długopis Fixed Pen 3W1 dla urządzeń z ekranem dotykowym, biały",1,Rysik do tabletu
40648,"Rysik Fixed Graphite Uni Stylus, szary",1,Rysik do tabletu
34370,"Rysik ESR Digital Pencil dla iPad / iPad Pro / iPad Air / Mini, biały",1,Rysik do tabletu
59139,"Rysik Baseus Smooth Writing 2 Overseas z ładowaniem przewodowym i indukcyjnym do iPad / iPad Pro / iPad Air / Mini, biały",1,Rysik do tabletu
61018,"Uniwersalny rysik do telefonu, tabletu, Spigen Universal Stylus Pen, czarny",1,Rysik do tabletu
69920,"Rysik Tech Protect Digital Magnetic Stylus Pen 3 dla iPad Pro / Air / Mini, biały",1,Rysik do tabletu
34372,"Rysik ESR Digital Pencil dla iPad / iPad Pro / iPad Air / Mini, czarny",1,Rysik do tabletu
90274,"Rysik aktywny 3mk Wonder Pen do iPad / Pro / Air / Mini 2018 i nowszych, biały",1,Rysik do tabletu
92281,"Uchwyt biurkowy na telefon / tablet, AWEI X11 Desktop Stand, czarny",1,Stojak na tablet
111228,"OUTLET: Uchwyt, podstawka, stojak Tech-Protect Z3 Universal Stand Holder do smartfonów i tabletów, szary",1,Stojak na tablet
53547,"Aluminiowy pionowy stojak / uchwyt Ugreen do laptopów / tabletów  12 do 26 mm, srebrny",1,Stojak na tablet
61644,"Uchwyt, podstawka, stojak biurkowy Ugreen na telefon / tablet, szary ",1,Stojak na tablet
96337,"Poduszka, podstawka Ugreen Tablet Pillow Stand na telefon / tablet, szara",1,Stojak na tablet
94461,"Uchwyt, podstawka, stojak Tech-Protect Z5 Universal Smartphone & Tablet stand do smartfonów i tabletów, czarny",1,Stojak na tablet
57492,"Uchwyt, podstawka, stojak Tech-Protect Z3 Universal Stand Holder do smartfonów i tabletów, szary",1,Stojak na tablet
62645,"Uchwyt, podstawka, stojak biurkowy Ugreen LP247 na telefon / tablet, czarny",1,Stojak na tablet
59583,"Uchwyt, podstawka, stojak biurkowy Ugreen LP115 na telefon / tablet, czarny",1,Stojak na tablet
53050,"Uchwyt, podstawka, stojak biurkowy Ugreen LP106 na telefon / tablet, biały",1,Stojak na tablet
54528,"Uchwyt ścienny do telefonu, podstawka do ładowania,  Ugreen 30394 na telefon / tablet, biały ",1,Stojak na tablet
99454,"Uchwyt, podstawka pod laptop / tablet z stacją, hubem, Spigen Laptop Stand Hub LD204H, USB-C, PD 100W, 2x USB-A 3.1, HDMI 4k 60Hz, srebrny",1,Stojak na tablet
89724,"Uchwyt wysięgnik na telefon / tablet, do łóżka, biurka Baseus Otaku Life Rotary, szary",1,Stojak na tablet
52413,"Podstawka, stojak Baseus Desktop Biaxial Foldable do smartfonów i tabletów, szara",1,Stojak na tablet
117554,"OUTLET: Uchwyt samochodowy do tabletu Tech-Protect V4 Universal na kokpit / szybę, czarny",1,Uchwyt na tablet
95135,"OUTLET: Uchwyt samochodowy na zagłówek Tech-Protect V2 Stretchable Headrest Car Mount na tablet/telefon, czarny",1,Uchwyt na tablet
117728,"OUTLET: Uchwyt samochodowy FIXED Tab XL dla urządzeń o przekątnej od 7 do 11"", czarny",1,Uchwyt na tablet
117443,"OUTLET: Uchwyt samochodowy Tech Protect V3 Universal Dashboard and Windshield, czarny",1,Uchwyt na tablet
111420,"OUTLET: Uchwyt samochodowy na zagłówek Tech-Protect V2 Stretchable Headrest Car Mount na tablet/telefon, czarny",1,Uchwyt na tablet
99272,"OUTLET: Uchwyt samochodowy na zagłówek Tech-Protect V2 Stretchable Headrest Car Mount na tablet/telefon, czarny",1,Uchwyt na tablet
98520,"Uchwyt samochodowy na zagłówek Mobile Origin MO5 na tablet / telefon, czarny",1,Uchwyt na tablet
52870,"Uchwyt do samochodu na tablet / telefon na zagłówek Ugreen LP160, czarny",1,Uchwyt na tablet
42870,"Uchwyt na telefon / tablet, Tech-Protect MagSafe Dashboard Vent Car Mount, Black",1,Uchwyt na tablet
40767,"Uchwyt samochodowy zagłówkowy Tech Protect Stretchable Headrest, czarny",1,Uchwyt na tablet
40618,"Uchwyt samochodowy zagłówkowy FIXED Tab Passenger 2 dla urządzeń o przekątnej od 7 do 11"", czarny",1,Uchwyt na tablet
49572,"Uchwyt samochodowy zagłówkowy Baseus JoyRide Pro, czarny",1,Uchwyt na tablet
53019,"Uchwyt samochodowy Tech Protect V6 Universal na kokpit / szybę / kratkę nawiewu, czarny ",1,Uchwyt na tablet
52990,"Uchwyt samochodowy Tech Protect V5 Universal na kokpit / szybę / kratkę nawiewu, czarny",1,Uchwyt na tablet
46384,"Uchwyt samochodowy Tech Protect V3 Universal Long Arm Dashboard and Windshield, czarny",1,Uchwyt na tablet
42069,"Uchwyt samochodowy Tech Protect V3 Universal Dashboard and Windshield, czarny",1,Uchwyt na tablet
46324,"Uchwyt samochodowy Tech Protect V3 Universal CD Car Mount, czarny",1,Uchwyt na tablet
42074,"Uchwyt samochodowy Tech Protect V3 Universal Air Vent Car Mount, czarny",1,Uchwyt na tablet
46316,"Uchwyt samochodowy Tech Protect V3 Mini Universal Vent Car Mount, czarny",1,Uchwyt na tablet
47363,"Uchwyt samochodowy Tech Protect N53 Magnetic MagSafe Vent Car Mount, czarny",1,Uchwyt na tablet
44510,"Uchwyt samochodowy Tech Protect N51 Magnetic MagSafe Vent Car Mount, czarny",1,Uchwyt na tablet
70824,"Uchwyt samochodowy na zagłówek Tech-Protect V3 Headrest Car Mount na tablet/telefon, czarny",1,Uchwyt na tablet
74761,"Uchwyt samochodowy na zagłówek Tech-Protect V2 Stretchable Headrest Car Mount na tablet/telefon, czarny",1,Uchwyt na tablet
40621,"Uchwyt samochodowy FIXED Tab XL dla urządzeń o przekątnej od 7 do 11"", czarny",1,Uchwyt na tablet
92191,"Uchwyt samochodowy do tabletu Tech-Protect V4 Universal na kokpit / szybę, czarny",1,Uchwyt na tablet
60091,"Uchwyt do samochodu na tablet / na zagłówek Fixed Passenger Max, szary",1,Uchwyt na tablet
11510,"Uchwyt zagłówkowy Baseus Backseat SUHZ-01, czarne",1,Uchwyt na tablet
50335,"Etui Bizon Case Tab Clear Matt do Galaxy Tab S8 Plus / S7 Plus / S7 FE, ciemnozielone",1,Etui na tablet
50318,"Etui Bizon Case Tab Clear Matt do Galaxy Tab S8 / S7, czarne",1,Etui na tablet
107766,"Etui z klapką Dux Ducis Vers do iPad Pro 11"" 2025 / 2024, różowe",1,Etui na tablet
109199,"Etui z klapką Dux Ducis Vers do iPad Air 13"" 2025 / 2024 / Pro 12,9"" 2018-2022, czarne",1,Etui na tablet
107753,"Etui z klapką Dux Ducis Domo do Galaxy Tab S11, granatowe",1,Etui na tablet
64648,"Etui Urban Armor Gear UAG Plyo do iPad Pro 11"" 2025 / 2024, przezroczyste/czarne",1,Etui na tablet
112808,"Etui Spigen Liquid Air Folio do iPad Pro 13 2025/2024, czarne",1,Etui na tablet
111845,"Etui pancerne Urban Armor UAG Plyo LT do iPad Pro 13"" 2025 / 2024, przezroczysto-czarne",1,Etui na tablet
111118,"Etui pancerne Urban Armor UAG Plyo LT do iPad Pro 11"" M4 2024, czarne",1,Etui na tablet
111716,"Etui pancerne Urban Armor UAG Plyo LT do iPad Air 13"" 2025 / 2024, przezroczysto-czarne",1,Etui na tablet
111114,"Etui pancerne Urban Armor UAG Plyo LT do iPad Air 11"" M3 7 gen. 2025 / M2 6 gen. 2024, czarne",1,Etui na tablet
89661,"Etui pancerne Urban Armor UAG Plyo LT do iPad 11"" (A16) 2025 / 10,9"" 10 gen. 2022, czarne",1,Etui na tablet
24996,"Etui do iPad Pro 12.9 2022/2021, Spigen Ultra Hybrid Pro, przezroczyste / czarne",1,Etui na tablet
17825,"Etui do iPad Pro 11 2022/2021/2020/2018, Spigen Urban Fit, czarne",1,Etui na tablet
26451,"Etui do iPad Pro 11 2022/2021/2020/2018, Spigen Ultra Hybrid Pro v2, przezroczyste / czarne",1,Etui na tablet
34006,"Etui do iPad Air 11"" / 10.9"" 2020-2025 / Pro 11"" 2018-2022, Urban Armor UAG Plyo, przezroczyste/czarne",1,Etui na tablet
29828,"Etui do iPad Air 11"" / 10.9"" 2020-2025 / Pro 11"" 2018-2022, Spigen Smart Fold Plus, czarne",1,Etui na tablet
50137,"Etui Bizon Case Tab Lizard do iPad Air 5 / 4, czarne",1,Etui na tablet
50131,"Etui Bizon Case Tab Croc do iPad Air 11"" / 10.9"" 2025/2024/2022/2020, czarne",1,Etui na tablet
50322,"Etui Bizon Case Tab Croc do Galaxy Tab S8 / S7, błękitne",1,Etui na tablet
50308,"Etui Bizon Case Tab Croc do Galaxy Tab S6 Lite 2024/2022/2020, czarne",1,Etui na tablet
111717,"Etui z klapką Dux Ducis Vers do iPad Pro 11"" 2025 / 2024, czarne",1,Etui na tablet
107765,"Etui z klapką Dux Ducis Vers do iPad 11 / 10 gen. 2025 / 2022, różowe",1,Etui na tablet
109203,"Etui z klapką Dux Ducis Vers do Galaxy Tab S11, czarne",1,Etui na tablet
109206,"Etui z klapką Dux Ducis Toby do Galaxy Tab S11, różowe",1,Etui na tablet
109205,"Etui z klapką Dux Ducis Toby do Galaxy Tab S11, czarne",1,Etui na tablet
107011,"Etui z klapką Dux Ducis Domo do Galaxy Tab A11 / Tab A9, granatowe",1,Etui na tablet
74620,"Etui Tech-Protect SC Pen Hybrid do iPad 11 / 10 gen. 2025 / 2022, niebieskie",1,Etui na tablet
17977,"Etui do iPad Pro 11 2022/2021/2020/2018, Spigen Urban Fit, różowe",1,Etui na tablet
18636,"Etui do iPad Pro 11 2022/2021/2020/2018, Spigen Rugged Armor Pro, czarne",1,Etui na tablet
50192,"Etui Bizon Case Tab Lizard do iPad Pro 12.9 2022/2021/2020/2018, granatowe",1,Etui na tablet
50133,"Etui Bizon Case Tab Croc do iPad Air 11"" / 10.9"" 2025/2024/2022/2020, granatowe",1,Etui na tablet
50132,"Etui Bizon Case Tab Croc do iPad Air 11"" / 10.9"" 2025/2024/2022/2020, ciemnofioletowe",1,Etui na tablet
50124,"Etui Bizon Case Tab Croc do iPad 9/8/7 10.2 2021/2020/2019, granatowe",1,Etui na tablet
71987,Etui ze szkłem do zegarka Bizon Case+Glass Watch do Huawei Watch GT5 Pro 46 mm beżowe,1,Etui do smartwatcha
72028,Etui ze szkłem do zegarka Bizon Case+Glass Watch do Huawei Watch GT 5 Pro 42 mm zielone,1,Etui do smartwatcha
72032,Etui ze szkłem do zegarka Bizon Case+Glass Watch do Huawei Watch GT 5 Pro 42 mm srebrne satynowe,1,Etui do smartwatcha
72030,Etui ze szkłem do zegarka Bizon Case+Glass Watch do Huawei Watch GT 5 Pro 42 mm różowe,1,Etui do smartwatcha
72025,Etui ze szkłem do zegarka Bizon Case+Glass Watch do Huawei Watch GT 5 Pro 42 mm przeźroczyste,1,Etui do smartwatcha
72024,Etui ze szkłem do zegarka Bizon Case+Glass Watch do Huawei Watch GT 5 Pro 42 mm niebieskie,1,Etui do smartwatcha
72031,Etui ze szkłem do zegarka Bizon Case+Glass Watch do Huawei Watch GT 5 Pro 42 mm czarne matowe,1,Etui do smartwatcha
72023,Etui ze szkłem do zegarka Bizon Case+Glass Watch do Huawei Watch GT 5 Pro 42 mm czarne,1,Etui do smartwatcha
72019,Etui ze szkłem do zegarka Bizon Case+Glass Watch do Huawei Watch GT 5 Pro 42 mm beżowe,1,Etui do smartwatcha
70950,"Etui ze szkłem do zegarka Bizon Case+Glass Watch do Huawei Watch GT 5 46 mm, różowe",1,Etui do smartwatcha
70946,"Etui ze szkłem do zegarka Bizon Case+Glass Watch do Huawei Watch GT 5 46 mm, przeźroczyste",1,Etui do smartwatcha
70937,"Etui ze szkłem do zegarka Bizon Case+Glass Watch do Huawei Watch GT 5 46 mm, czarne",1,Etui do smartwatcha
70945,"Etui ze szkłem do zegarka Bizon Case+Glass Watch do Huawei Watch GT 5 46 mm, beżowe",1,Etui do smartwatcha
69753,"Etui ze szkłem do zegarka Bizon Case+Glass Watch do Apple Watch 11 / 10 42mm, szampańskie",1,Etui do smartwatcha
69750,"Etui ze szkłem do zegarka Bizon Case+Glass Watch do Apple Watch 11 / 10 42mm, srebrne",1,Etui do smartwatcha
69748,"Etui ze szkłem do zegarka Bizon Case+Glass Watch do Apple Watch 11 / 10 42mm, różowe",1,Etui do smartwatcha
69746,"Etui ze szkłem do zegarka Bizon Case+Glass Watch do Apple Watch 11 / 10 42mm, przeźroczyste",1,Etui do smartwatcha
69749,"Etui ze szkłem do zegarka Bizon Case+Glass Watch do Apple Watch 11 / 10 42mm, jasnoróżowe",1,Etui do smartwatcha
69738,"Etui ze szkłem do zegarka Bizon Case+Glass Watch do Apple Watch 11 / 10 42mm, czarne",1,Etui do smartwatcha
69747,"Etui ze szkłem do zegarka Bizon Case+Glass Watch do Apple Watch 11 / 10 42mm, ciemnoniebieskie",1,Etui do smartwatcha
69806,"Etui ze szkłem do zegarka Bizon Case+Glass Watch do Apple Watch 11 / 10 (46mm), szampańskie",1,Etui do smartwatcha
69804,"Etui ze szkłem do zegarka Bizon Case+Glass Watch do Apple Watch 11 / 10 (46mm), srebrne",1,Etui do smartwatcha
69799,"Etui ze szkłem do zegarka Bizon Case+Glass Watch do Apple Watch 11 / 10 (46mm), przeźroczyste",1,Etui do smartwatcha
69803,"Etui ze szkłem do zegarka Bizon Case+Glass Watch do Apple Watch 11 / 10 (46mm), jasnoróżowe",1,Etui do smartwatcha
69786,"Etui ze szkłem do zegarka Bizon Case+Glass Watch do Apple Watch 11 / 10 (46mm), czarne",1,Etui do smartwatcha
69801,"Etui ze szkłem do zegarka Bizon Case+Glass Watch do Apple Watch 11 / 10 (46mm), ciemnoniebieskie",1,Etui do smartwatcha
107674,"Pasek z nylonu Spigen WBF0 do Galaxy Watch 8 / 8 Classic, ciemno-zielony",1,Paski do smartwatcha
109047,"Pasek z nylonu Spigen WBF0 do Apple Watch 49/46/45/44 mm, zielony",1,Paski do smartwatcha
109049,"Pasek z nylonu Spigen WBF0 do Apple Watch 49/46/45/44 mm, granatowy",1,Paski do smartwatcha
109046,"Pasek z nylonu Spigen WBF0 do Apple Watch 49/46/45/44 mm, czarny",1,Paski do smartwatcha
64626,"Pasek Tech-Protect Milanese Band do Xiaomi Smart Band 8 / 8 NFC, srebrno-złoty",1,Paski do smartwatcha
107014,"Pasek Spigen WBF1 Band do Apple Watch 49/46/45/44 mm, czarny",1,Paski do smartwatcha
107015,"Pasek Spigen WBF1 Band do Apple Watch 49/46/45/44 mm, czarno-zielony",1,Paski do smartwatcha
107017,"Pasek Spigen WBF1 Band do Apple Watch 49/46/45/44 mm, czarno-pomarańczowy",1,Paski do smartwatcha
60136,"Pasek Spigen Rugged Ultra Band do Apple Watch 49/46/45/44 mm, czarny",1,Paski do smartwatcha
50821,"Pasek Spigen Lite Fit Ultra do Apple Watch 49/46/45/44 mm, pomarańczowy",1,Paski do smartwatcha
60657,"Pasek Spigen DuraPro Flex Ultra Band do Apple Watch 49/46/45/44 mm, czarny",1,Paski do smartwatcha
70843,"Pasek Spigen DuraPro Flex Band do Galaxy Watch Ultra 2 / 1, czarny",1,Paski do smartwatcha
107118,"Pasek Spigen DuraPro Flex Band do Galaxy Watch 8 / 8 Classic, czarny",1,Paski do smartwatcha
30137,"Pasek Spigen DuraPro Flex Band do Apple Watch 49/46/45/44 mm, czarny",1,Paski do smartwatcha
63211,"Pasek Spigen DuraPro Armor PU do Apple Watch 49/46/45/44 mm, czarny",1,Paski do smartwatcha
118084,"Pasek Spigen DuraPro Armor Band do Galaxy Watch 8 / Classic, czarno-beżowy",1,Paski do smartwatcha
85540,"Pasek Spigen DuraPro Armor Band do Apple Watch 49/46/45/44 mm, zielony",1,Paski do smartwatcha
85536,"Pasek Spigen DuraPro Armor Band do Apple Watch 49/46/45/44 mm, szary",1,Paski do smartwatcha
85528,"Pasek Spigen DuraPro Armor Band do Apple Watch 49/46/45/44 mm, czarny",1,Paski do smartwatcha
54305,"Pasek Spigen DuraPro Armor Band do Apple Watch 49/46/45/44 mm, czarno-beżowy",1,Paski do smartwatcha
94125,"Pasek Spigen Classic Fit Band do Apple Watch 49/46/45/44 mm, czarny",1,Paski do smartwatcha
14136,"Pasek Spigen Band Modern Fit do Apple Watch 49/46/45/44 mm, czarny",1,Paski do smartwatcha
109041,"Pasek Spigen Athlex Air do Galaxy Watch 8 / 8 Classic, zielony",1,Paski do smartwatcha
109043,"Pasek Spigen Athlex Air do Galaxy Watch 8 / 8 Classic, szary",1,Paski do smartwatcha
109044,"Pasek Spigen Athlex Air do Galaxy Watch 8 / 8 Classic, granatowy",1,Paski do smartwatcha
99749,"Pasek Spigen Athlex Air do Galaxy Watch 8 / 8 Classic, czarny",1,Paski do smartwatcha
94492,"Pasek Spigen Athlex Air do Apple Watch 49/46/45/44 mm, zielony",1,Paski do smartwatcha
94018,"Pasek Spigen Athlex Air do Apple Watch 49/46/45/44 mm, szary",1,Paski do smartwatcha
94021,"Pasek Spigen Athlex Air do Apple Watch 49/46/45/44 mm, granatowy",1,Paski do smartwatcha
97794,"Pasek Spigen Athlex Air do Apple Watch 49/46/45/44 mm, czarny",1,Paski do smartwatcha
108168,"Pasek skórzany Spigen Enzo do Galaxy Watch 8 / 8 Classic, czarno-brązowy",1,Paski do smartwatcha
34356,"Etui z paskiem Supcase Cosmo Apple Watch 45/44 mm, marmurowe różowe",1,Paski do smartwatcha
46288,"Etui z paskiem Spigen Metal Fit Pro do Apple Watch 45/44 mm, srebrne",1,Paski do smartwatcha
47100,"Etui z paskiem Spigen Metal Fit Pro do Apple Watch 45/44 mm, grafitowe",1,Paski do smartwatcha
85321,"Ładowarka indukcyjna Fixed Charging Cable do zegarków Huawei Watch GT 5/5 Pro/4/ 4 Pro/3/3 Pro/2 Pro, USB-A, czarna",1,Ładowarki i stacje dokujące
95189,"Ładowarka indukcyjna Belkin Boost Pro Travel Pad 3w1 Qi2 15W WIZ024 dla iPhone z MagSafe / Apple Watch / AirPods, czarna",1,Ładowarki i stacje dokujące
90365,"Ładowarka indukcyjna Belkin Boost Foldable 3w1 Qi2 15W WIZ029 dla iPhone z MagSafe / Apple Watch / AirPods, czarna",1,Ładowarki i stacje dokujące
72055,"Ładowarka indukcyjna Belkin Boost Foldable 3w1 Qi2 15W WIZ029 dla iPhone z MagSafe / Apple Watch / AirPods, biała",1,Ładowarki i stacje dokujące
72438,"Ładowarka indukcyjna Adam Elements Mag Tube Qi2 3w1 15W do MagSafe, szara",1,Ładowarki i stacje dokujące
74697,"Ładowarka indukcyjna 3w1 Mobile Origin Wireless Charger 15W do iPhone/Apple Watch/AirPods, czarna ",1,Ładowarki i stacje dokujące
74722,"Ładowarka indukcyjna 3w1 Mobile Origin Wireless Charger 15W do iPhone/Apple Watch/AirPods, biała",1,Ładowarki i stacje dokujące
92681,"Ładowarka Fixed Charging Adapter for Powerstation Uni do Samsung Galaxy Watch 3 / 4 / 4 Classic / 5 / 5 Classic / 6 / 6 Classic / 7 / Active / Active 2 / Ultra, czarny",1,Ładowarki i stacje dokujące
92631,"Ładowarka Fixed Charging Adapter for Powerstation Uni do Garmin Fenix / Epix / Forerunner / Venu / Enduro, czarny",1,Ładowarki i stacje dokujące
92521,"Ładowarka Fixed Charging Adapter for Powerstation Uni do Apple Watch, USB-C, czarny",1,Ładowarki i stacje dokujące
90946,"Ładowarka Belkin Boost Portable USB-C Charger MFi WIZ022GL do Apple Watch 5W, czarna",1,Ładowarki i stacje dokujące
71964," Ładowarka indukcyjna Tech-Protect Qi15W A35 3w1 Magnetic Stand and Wireless Charger do MagSafe, Qi, biała",1,Ładowarki i stacje dokujące
112311,"Ładowarka indukcyjna, składana Tech-Protect Qi15W A47 3w1, Qi do MagSafe, czarna",1,Ładowarki i stacje dokujące
112313,"Ładowarka indukcyjna, składana Tech-Protect Qi15W A47 3w1, Qi do MagSafe, biała",1,Ładowarki i stacje dokujące
112308,"Ładowarka indukcyjna Tech-Protect Qi15W A46 3w1, Qi do MagSafe, czarna",1,Ładowarki i stacje dokujące
112309,"Ładowarka indukcyjna Tech-Protect Qi15W A46 3w1, Qi do MagSafe, biała",1,Ładowarki i stacje dokujące
81907,"Ładowarka indukcyjna Tech-Protect Qi15W A43 3w1, do MagSafe, Qi, różowa",1,Ładowarki i stacje dokujące
79825,"Ładowarka indukcyjna Tech-Protect Qi15W A42 3w1 Magnetic Stand and Wireless Charger do MagSafe, Qi, złota",1,Ładowarki i stacje dokujące
112231,"Ładowarka indukcyjna Tech-Protect Qi15W A37 3w1, Qi dla telefonów, słuchawek i smartwatchy, czarna",1,Ładowarki i stacje dokujące
79818,"Ładowarka indukcyjna 3w1, Tech-Protect A45 Magnetic Stand Qi 15W do MagSafe, czarna",1,Ładowarki i stacje dokujące
79826,"Ładowarka indukcyjna 3w1 Tech-Protect A45 Magnetic Stand Qi 15W do MagSafe, biała",1,Ładowarki i stacje dokujące
94729,"Stacja dokująca, podstawka, stojak Spigen Classic C1 Stand do ładowarki Apple Watch, turkusowa",1,Ładowarki i stacje dokujące
94733,"Stacja dokująca, podstawka, stojak Spigen Classic C1 Stand do ładowarki Apple Watch, szara",1,Ładowarki i stacje dokujące
94735,"Stacja dokująca, podstawka, stojak Spigen Classic C1 Stand do ładowarki Apple Watch, pomarańczowa",1,Ładowarki i stacje dokujące
94734,"Stacja dokująca, podstawka, stojak Spigen Classic C1 Stand do ładowarki Apple Watch, czerwona",1,Ładowarki i stacje dokujące
60686,"Stacja dokująca, podstawka Spigen Rugged Armor Stand do ładowarki Apple Watch, czarna",1,Ładowarki i stacje dokujące
48867,"Stacja dokująca Spigen Night Stand S353 do ładowarki Galaxy Watch Ultra / 7 / FE / 6 / 5, czarna",1,Ładowarki i stacje dokujące
107407,"Składana ładowarka bezprzewodowa 5w1 Mobile Origin GaN Foldable PW1, USB-C PD 65W, USB-A QC, do MagSafe, czarne",1,Ładowarki i stacje dokujące
111095,"Ładowarka indukcyjna 3w1 Mobile Origin Qi2 PW1 do MagSafe, 15W, biała",1,Ładowarki i stacje dokujące
105109,"Ładowarka indukcyjna 3w1 Forcell F-Energy Simply Charge, Qi do MagSafe, 15W, szara",1,Ładowarki i stacje dokujące
65641,"Ładowarka indukcyjna 3w1 Fixed Powerstation for Samsung, Qi, 15 W, biała",1,Ładowarki i stacje dokujące
92685,"Ładowarka indukcyjna 3w1 Fixed Powerstation for Garmin, Qi, 18W, czarna",1,Ładowarki i stacje dokujące
70953,"Ładowarka indukcyjna 3w1 Fixed MagPowerstation Round, Qi, MagSafe, 15W 5W szara",1,Ładowarki i stacje dokujące
71941,"Ładowarka indukcyjna 3w1 Fixed MagFlex Alu, Qi, MagSafe, szara",1,Ładowarki i stacje dokujące
98244,"Folia hydrożelowa na ekran Bizon Glass Watch Hydrogel Duo do Xiaomi Smart Band 10, 2 sztuki",1,Etui do smartwatcha
99827,"Folia hydrożelowa na ekran Bizon Glass Watch Hydrogel Duo do OnePlus Watch 3 43 mm, 2 sztuki",1,Etui do smartwatcha
105106,"Folia hydrożelowa na ekran Bizon Glass Watch Hydrogel Duo do Google Pixel Watch 4 41 mm, 2 sztuki",1,Etui do smartwatcha
111111,"Folia hydrożelowa na ekran Bizon Glass Watch Hydrogel do Garmin Venu 4 45 mm, 1 sztuka",1,Etui do smartwatcha
111110,"Folia hydrożelowa na ekran Bizon Glass Watch Hydrogel do Garmin Venu 4 41 mm, 1 sztuka",1,Etui do smartwatcha
109226,"Folia hydrożelowa na ekran Bizon Glass Watch Hydrogel do Apple Watch SE 3 / SE 2 / SE / 6 / 5 / 4 (44 mm), 1 sztuka",1,Etui do smartwatcha
32483,"Etui ze szkłem Bizon Case, Case + Glass Set Apple Watch 45 mm, czarne",1,Etui do smartwatcha
94466,"Szkło hybrydowe Bizon Glass Watch Edge Hybrid dla Xiaomi Watch S4, czarne",1,Etui do smartwatcha
94471,Szkło hartowane na ekran Bizon Glass Watch Clear do Xiaomi Watch S4,1,Etui do smartwatcha
97738,Szkło hartowane na ekran Bizon Glass Watch Clear do Galaxy Watch 8 40 mm,1,Etui do smartwatcha
111741,"Folia matowa Bizon Glass Watch Film Sun do Garmin Instinct Crossover AMOLED, 1 sztuka",1,Etui do smartwatcha
111740,"Folia matowa Bizon Glass Watch Film Sun do Garmin Fenix 8 Pro AMOLED 47 mm, 1 sztuka",1,Etui do smartwatcha
111739,"Folia matowa Bizon Glass Watch Film Sun do Garmin Bounce 2, 1 sztuka",1,Etui do smartwatcha
76189,"Folia hydrożelowa Tech-Protect Supreme Set 2-pack do Apple Watch 11 / 10 (46 mm), 2 sztuki",1,Etui do smartwatcha
76184,"Folia hydrożelowa Tech-Protect Supreme Set 2-pack do Apple Watch 11 / 10 (42 mm), 2 sztuki",1,Etui do smartwatcha
107762,"Folia hydrożelowa na ekran Bizon Glass Watch Hydrogel Duo do Huawei Watch GT6 46 mm, 2 sztuki",1,Etui do smartwatcha
94479,"Folia hydrożelowa na ekran Bizon Glass Watch Hydrogel Duo do Huawei Watch Fit 4 / 4 Pro, 2 sztuki",1,Etui do smartwatcha
94477,"Folia hydrożelowa na ekran Bizon Glass Watch Hydrogel Duo do Huawei Watch 5 42 mm, 2 sztuki",1,Etui do smartwatcha
105107,"Folia hydrożelowa na ekran Bizon Glass Watch Hydrogel Duo do Google Pixel Watch 4 45 mm, 2 sztuki",1,Etui do smartwatcha
97737,"Folia hydrożelowa na ekran Bizon Glass Watch Hydrogel Duo do Galaxy Watch 8 Classic 46 mm, 2 sztuki",1,Etui do smartwatcha
58553,"Etui z osłoną ekranu Spigen Ultra Hybrid do Apple Watch 9 / 8 / 7 41 mm, przezroczyste",1,Etui do smartwatcha
70605,"Etui ze szkłem do zegarka Bizon Case+Glass Watch do Xiaomi Redmi Watch 5 Lite, różowe",1,Etui do smartwatcha
70603,"Etui ze szkłem do zegarka Bizon Case+Glass Watch do Xiaomi Redmi Watch 5 Lite, przeźroczyste",1,Etui do smartwatcha
70602,"Etui ze szkłem do zegarka Bizon Case+Glass Watch do Xiaomi Redmi Watch 5 Lite, niebieskie",1,Etui do smartwatcha
70601,"Etui ze szkłem do zegarka Bizon Case+Glass Watch do Xiaomi Redmi Watch 5 Lite, czarne",1,Etui do smartwatcha
70599,"Etui ze szkłem do zegarka Bizon Case+Glass Watch do Xiaomi Redmi Watch 5 Lite, beżowe",1,Etui do smartwatcha
70975,"Etui ze szkłem do zegarka Bizon Case+Glass Watch do Huawei Watch GT 5 41 mm, zielone",1,Etui do smartwatcha
70960,"Etui ze szkłem do zegarka Bizon Case+Glass Watch do Huawei Watch GT 5 41 mm, satynowo srebrne",1,Etui do smartwatcha
71870,"Etui ze szkłem do zegarka Bizon Case+Glass Watch do Huawei Watch GT 5 41 mm, różowe",1,Etui do smartwatcha
70970,"Etui ze szkłem do zegarka Bizon Case+Glass Watch do Huawei Watch GT 5 41 mm, przeźroczyste",1,Etui do smartwatcha
71863,"Etui ze szkłem do zegarka Bizon Case+Glass Watch do Huawei Watch GT 5 41 mm, niebieskie",1,Etui do smartwatcha
71865,"Etui ze szkłem do zegarka Bizon Case+Glass Watch do Huawei Watch GT 5 41 mm, czarne matowe",1,Etui do smartwatcha
71862,"Etui ze szkłem do zegarka Bizon Case+Glass Watch do Huawei Watch GT 5 41 mm, czarne",1,Etui do smartwatcha
70966,"Etui ze szkłem do zegarka Bizon Case+Glass Watch do Huawei Watch GT 5 41 mm, beżowe",1,Etui do smartwatcha
